clip_id,start_time,origin_y,origin_x,selection,seed
random_000,2020-05-31T15:00:00Z,211,159,uniform_random_complete_window_and_crop,20261001
random_001,2020-08-23T00:25:00Z,475,1011,uniform_random_complete_window_and_crop,20261001
random_002,2020-05-29T22:40:00Z,396,791,uniform_random_complete_window_and_crop,20261001
random_003,2020-09-17T13:20:00Z,382,221,uniform_random_complete_window_and_crop,20261001
random_004,2020-07-13T20:55:00Z,470,599,uniform_random_complete_window_and_crop,20261001
random_005,2020-09-02T16:35:00Z,196,360,uniform_random_complete_window_and_crop,20261001
random_006,2020-05-08T14:40:00Z,430,1088,uniform_random_complete_window_and_crop,20261001
random_007,2020-07-13T21:10:00Z,279,538,uniform_random_complete_window_and_crop,20261001
random_008,2020-09-17T14:00:00Z,238,178,uniform_random_complete_window_and_crop,20261001
random_009,2020-06-08T15:45:00Z,430,312,uniform_random_complete_window_and_crop,20261001
random_010,2020-07-07T22:05:00Z,167,1038,uniform_random_complete_window_and_crop,20261001
random_011,2020-08-21T10:15:00Z,219,707,uniform_random_complete_window_and_crop,20261001
random_012,2020-05-08T13:45:00Z,334,999,uniform_random_complete_window_and_crop,20261001
random_013,2020-08-21T10:20:00Z,460,1301,uniform_random_complete_window_and_crop,20261001
random_014,2020-07-13T21:35:00Z,420,998,uniform_random_complete_window_and_crop,20261001
random_015,2020-09-17T14:30:00Z,67,178,uniform_random_complete_window_and_crop,20261001
random_016,2020-09-02T16:10:00Z,282,1054,uniform_random_complete_window_and_crop,20261001
random_017,2020-05-29T21:40:00Z,278,787,uniform_random_complete_window_and_crop,20261001
random_018,2020-05-29T22:30:00Z,214,1340,uniform_random_complete_window_and_crop,20261001
random_019,2020-05-08T14:30:00Z,333,548,uniform_random_complete_window_and_crop,20261001
random_020,2020-09-17T13:30:00Z,42,912,uniform_random_complete_window_and_crop,20261001
random_021,2020-09-02T15:45:00Z,134,1109,uniform_random_complete_window_and_crop,20261001
random_022,2020-07-13T21:45:00Z,388,424,uniform_random_complete_window_and_crop,20261001
random_023,2020-05-29T21:55:00Z,167,1154,uniform_random_complete_window_and_crop,20261001
random_024,2020-09-17T14:05:00Z,143,534,uniform_random_complete_window_and_crop,20261001
random_025,2020-09-02T15:55:00Z,131,1424,uniform_random_complete_window_and_crop,20261001
random_026,2020-07-07T22:40:00Z,25,428,uniform_random_complete_window_and_crop,20261001
random_027,2020-07-13T21:40:00Z,251,1059,uniform_random_complete_window_and_crop,20261001
random_028,2020-05-08T14:00:00Z,457,565,uniform_random_complete_window_and_crop,20261001
random_029,2020-08-22T23:20:00Z,94,438,uniform_random_complete_window_and_crop,20261001
random_030,2020-08-15T00:55:00Z,450,932,uniform_random_complete_window_and_crop,20261001
random_031,2020-08-21T10:05:00Z,177,1373,uniform_random_complete_window_and_crop,20261001
random_032,2020-05-29T21:30:00Z,316,405,uniform_random_complete_window_and_crop,20261001
random_033,2020-05-29T21:45:00Z,80,119,uniform_random_complete_window_and_crop,20261001
random_034,2020-08-23T00:05:00Z,72,66,uniform_random_complete_window_and_crop,20261001
random_035,2020-07-07T21:40:00Z,480,831,uniform_random_complete_window_and_crop,20261001
random_036,2020-06-08T16:25:00Z,47,371,uniform_random_complete_window_and_crop,20261001
random_037,2020-08-23T00:40:00Z,456,1077,uniform_random_complete_window_and_crop,20261001
random_038,2020-09-17T13:25:00Z,115,176,uniform_random_complete_window_and_crop,20261001
random_039,2020-08-22T23:40:00Z,395,1187,uniform_random_complete_window_and_crop,20261001
random_040,2020-09-02T16:05:00Z,24,478,uniform_random_complete_window_and_crop,20261001
random_041,2020-08-21T10:35:00Z,354,894,uniform_random_complete_window_and_crop,20261001
random_042,2020-08-22T23:45:00Z,154,1346,uniform_random_complete_window_and_crop,20261001
random_043,2020-09-02T16:45:00Z,227,1142,uniform_random_complete_window_and_crop,20261001
random_044,2020-09-02T15:50:00Z,257,419,uniform_random_complete_window_and_crop,20261001
random_045,2020-06-08T16:05:00Z,50,452,uniform_random_complete_window_and_crop,20261001
random_046,2020-08-23T00:45:00Z,464,768,uniform_random_complete_window_and_crop,20261001
random_047,2020-08-21T10:45:00Z,434,1145,uniform_random_complete_window_and_crop,20261001
random_048,2020-07-13T21:05:00Z,475,1185,uniform_random_complete_window_and_crop,20261001
random_049,2020-08-15T00:45:00Z,136,710,uniform_random_complete_window_and_crop,20261001
random_050,2020-06-05T03:30:00Z,84,533,uniform_random_complete_window_and_crop,20261001
random_051,2020-05-29T22:05:00Z,403,887,uniform_random_complete_window_and_crop,20261001
random_052,2020-05-08T13:35:00Z,283,1497,uniform_random_complete_window_and_crop,20261001
random_053,2020-06-08T15:40:00Z,184,628,uniform_random_complete_window_and_crop,20261001
random_054,2020-07-13T20:45:00Z,253,1430,uniform_random_complete_window_and_crop,20261001
random_055,2020-08-21T10:40:00Z,0,1209,uniform_random_complete_window_and_crop,20261001
random_056,2020-08-22T23:00:00Z,38,148,uniform_random_complete_window_and_crop,20261001
random_057,2020-07-07T22:35:00Z,394,804,uniform_random_complete_window_and_crop,20261001
random_058,2020-05-08T14:45:00Z,419,612,uniform_random_complete_window_and_crop,20261001
random_059,2020-06-08T16:30:00Z,230,1278,uniform_random_complete_window_and_crop,20261001
random_060,2020-09-17T14:45:00Z,148,1130,uniform_random_complete_window_and_crop,20261001
random_061,2020-06-08T16:35:00Z,437,1065,uniform_random_complete_window_and_crop,20261001
random_062,2020-07-07T22:30:00Z,22,702,uniform_random_complete_window_and_crop,20261001
random_063,2020-09-02T16:00:00Z,125,163,uniform_random_complete_window_and_crop,20261001
random_064,2020-08-23T00:20:00Z,286,578,uniform_random_complete_window_and_crop,20261001
random_065,2020-09-17T13:50:00Z,216,122,uniform_random_complete_window_and_crop,20261001
random_066,2020-06-08T16:20:00Z,425,908,uniform_random_complete_window_and_crop,20261001
random_067,2020-06-08T16:40:00Z,312,1118,uniform_random_complete_window_and_crop,20261001
random_068,2020-05-29T22:20:00Z,30,169,uniform_random_complete_window_and_crop,20261001
random_069,2020-09-02T16:40:00Z,279,787,uniform_random_complete_window_and_crop,20261001
random_070,2020-05-04T23:50:00Z,293,900,uniform_random_complete_window_and_crop,20261001
random_071,2020-09-17T13:40:00Z,72,983,uniform_random_complete_window_and_crop,20261001
random_072,2020-05-08T13:55:00Z,480,622,uniform_random_complete_window_and_crop,20261001
random_073,2020-09-17T13:55:00Z,161,1039,uniform_random_complete_window_and_crop,20261001
random_074,2020-08-22T23:10:00Z,234,324,uniform_random_complete_window_and_crop,20261001
random_075,2020-05-29T22:45:00Z,356,1284,uniform_random_complete_window_and_crop,20261001
random_076,2020-06-08T16:10:00Z,124,1031,uniform_random_complete_window_and_crop,20261001
random_077,2020-07-07T22:00:00Z,482,494,uniform_random_complete_window_and_crop,20261001
random_078,2020-06-08T15:50:00Z,413,1163,uniform_random_complete_window_and_crop,20261001
random_079,2020-08-23T00:10:00Z,465,704,uniform_random_complete_window_and_crop,20261001
random_080,2020-08-21T09:35:00Z,483,598,uniform_random_complete_window_and_crop,20261001
random_081,2020-09-17T14:20:00Z,356,791,uniform_random_complete_window_and_crop,20261001
random_082,2020-08-21T09:40:00Z,2,1463,uniform_random_complete_window_and_crop,20261001
random_083,2020-08-21T09:30:00Z,20,821,uniform_random_complete_window_and_crop,20261001
random_084,2020-08-22T23:55:00Z,464,425,uniform_random_complete_window_and_crop,20261001
random_085,2020-05-31T14:55:00Z,252,750,uniform_random_complete_window_and_crop,20261001
random_086,2020-05-08T13:50:00Z,69,1016,uniform_random_complete_window_and_crop,20261001
random_087,2020-05-08T14:05:00Z,194,922,uniform_random_complete_window_and_crop,20261001
random_088,2020-09-17T14:40:00Z,336,233,uniform_random_complete_window_and_crop,20261001
random_089,2020-05-08T14:10:00Z,493,925,uniform_random_complete_window_and_crop,20261001
random_090,2020-05-29T21:35:00Z,103,816,uniform_random_complete_window_and_crop,20261001
random_091,2020-05-08T14:15:00Z,135,134,uniform_random_complete_window_and_crop,20261001
random_092,2020-06-08T16:45:00Z,362,507,uniform_random_complete_window_and_crop,20261001
random_093,2020-07-13T21:00:00Z,468,1067,uniform_random_complete_window_and_crop,20261001
random_094,2020-08-23T00:35:00Z,501,842,uniform_random_complete_window_and_crop,20261001
random_095,2020-06-08T16:00:00Z,366,769,uniform_random_complete_window_and_crop,20261001
random_096,2020-09-17T14:15:00Z,274,1354,uniform_random_complete_window_and_crop,20261001
random_097,2020-08-15T00:50:00Z,21,455,uniform_random_complete_window_and_crop,20261001
random_098,2020-08-21T09:55:00Z,488,1138,uniform_random_complete_window_and_crop,20261001
random_099,2020-07-13T20:35:00Z,388,213,uniform_random_complete_window_and_crop,20261001
