year,month,day,hour,orbit,lat,lon,npixels,arearain,volrain,maxrainrate,minpct10,minpct19,minpct37,minpct85,minv166,minv1833,minv1837,maxiwp,r_lon,r_lat,r_major,r_minor,r_orientation,r_solid,landocean,source_file,observation_time,sensor,observation_kind,feature_uid,emma_time,time_offset_minutes,within_time_tolerance,emma_coverage,mcs_id,robust_mcs_id,overlapping_mcs_ids,overlapping_robust_mcs_ids,n_overlapped_emma_grid_centres,n_overlapped_robust_grid_centres,spatial_method,emma_class,track_uid,group_number,nstrat_dpr,nconv_dpr,rainstrat_dpr,rainconv_dpr,max_nsz,max_ns_precip,max_height,max_height_20dbz,max_height_30dbz,max_height_40dbz,min_pct37,min_pct85,full_track_area_km2,is_mature_phase_reconstructed,official_robust_flag,emma_class_reconstructed,month_number,case_kind,target_track_uid,feature_to_target_bbox_km,case_id,raw_pf_url,pf_case_kind_x,pf_time_offset_minutes_x,plotted_dpr_pixel_centres_x,dpr_centres_inside_target_mcs_x,dpr_centres_inside_target_robust_x,raw_pixel_center_hit_x,min_raw_pixel_offset_minutes_x,max_raw_pixel_offset_minutes_x,lon_min_x,lon_max_x,lat_min_x,lat_max_x,footprint_approximation_x,pf_case_kind_y,pf_time_offset_minutes_y,plotted_dpr_pixel_centres_y,dpr_centres_inside_target_mcs_y,dpr_centres_inside_target_robust_y,dpr_centres_inside_feature_ellipse,feature_ellipse_centres_inside_any_emma,raw_pixel_center_hit_y,case_validation_passed,min_raw_pixel_offset_minutes_y,max_raw_pixel_offset_minutes_y,lon_min_y,lon_max_y,lat_min_y,lat_max_y,footprint_approximation_y
2020.0,8.0,12.0,10.119445,36678.0,46.971012,-1.6784196,2330.0,,,,,,,,,,,,-1.6784196,46.971012,356.20358,291.58713,-37.45983,0.17530364,1.0,pf_202008_level2.HDF,2020-08-12 10:07:10.001449585+00:00,DPR,dprrpf_precipitation_feature,DPR:36678:25608,2020-08-12 10:00:00+00:00,7.166690826416667,True,True,1991,1991,1991.0,1991.0,610,610,pf_fitted_ellipse_vs_emma_grid_centres,robust_mcs,2020:1991,576.0,1926.0,341.0,99290.26,100291.13,40.158497,299.4446,12.161196,12.0,10.125,8.0,230.83717,170.52408,58321.39453125,True,True,mature_mcs_reconstructed,8,hit,2020:1991,0.0,hit_01,https://atmos.tamucc.edu/trmm/data/gpm/level_1/202008/1Z.GPM.PF.20200812-S091201-E104435.036678.V07A.HDF5,hit,7.166690826416667,8142,2138,2138,True,6.483333333333333,8.783333333333333,-5.6499998569488525,2.849999964237213,44.14999771118164,50.75,actual DPR geolocation represented by pixel centre,hit,7.166690826416667,8142,2138,2138,3034,1955,True,True,6.483333333333333,8.783333333333333,-5.6499998569488525,2.849999964237213,44.14999771118164,50.75,actual DPR geolocation represented by pixel centre
2020.0,6.0,4.0,21.026945,35612.0,44.56129,11.798083,2743.0,,,,,,,,,,,,11.798083,44.56129,755.55774,204.37859,48.135056,0.13881116,1.0,pf_202006_level2.HDF,2020-06-04 21:01:37.002410889+00:00,DPR,dprrpf_precipitation_feature,DPR:35612:9092,2020-06-04 21:00:00+00:00,1.61670684815,True,True,480,480,480.0,480.0,579,579,pf_fitted_ellipse_vs_emma_grid_centres,robust_mcs,2020:480,568.0,2294.0,360.0,193975.81,111314.81,29.98515,299.89996,12.233991,12.0,11.375,8.75,202.99857,119.58988,102954.5,True,True,mature_mcs_reconstructed,6,hit,2020:480,0.0,hit_02,https://atmos.tamucc.edu/trmm/data/gpm/level_1/202006/1Z.GPM.PF.20200604-S202647-E215921.035612.V07A.HDF5,hit,1.61670684815,10353,2489,2489,True,1.5833333333333333,4.4,7.25,16.449999809265137,40.84999847412109,49.45000076293945,actual DPR geolocation represented by pixel centre,hit,1.61670684815,10353,2489,2489,4490,2012,True,True,1.5833333333333333,4.4,7.25,16.449999809265137,40.849998474121094,49.45000076293945,actual DPR geolocation represented by pixel centre
2020.0,9.0,19.0,12.673612,37271.0,36.21525,22.828953,1785.0,,,,,,,,,,,,22.828953,36.21525,446.1914,223.67502,45.587524,0.13976589,0.0,pf_202009_level2.HDF,2020-09-19 12:40:25.001907348+00:00,DPR,dprrpf_precipitation_feature,DPR:37271:31383,2020-09-19 13:00:00+00:00,-19.5833015442,True,True,2736,2736,2736.0,2736.0,480,480,pf_fitted_ellipse_vs_emma_grid_centres,robust_mcs,2020:2736,178.0,1378.0,365.0,61463.98,47812.426,-9999.9,215.98676,12.430346,12.375,10.25,6.0,234.29208,158.99265,69573.1015625,True,True,mature_mcs_reconstructed,9,hit,2020:2736,0.0,hit_03,https://atmos.tamucc.edu/trmm/data/gpm/level_1/202009/1Z.GPM.PF.20200919-S120723-E133957.037271.V07A.HDF5,hit,-19.5833015442,7833,2071,2071,True,-20.23333333333333,-18.03333333333333,18.549999237060547,27.25,32.849998474121094,39.04999923706055,actual DPR geolocation represented by pixel centre,hit,-19.5833015442,7833,2071,2071,2895,1701,True,True,-20.233333333333334,-18.033333333333335,18.549999237060547,27.25,32.849998474121094,39.04999923706055,actual DPR geolocation represented by pixel centre
2020.0,7.0,11.0,17.38611,36185.0,50.04137,24.686897,814.0,,,,,,,,,,,,24.686897,50.04137,277.5755,139.50276,44.26648,0.16427144,1.0,pf_202007_level2.HDF,2020-07-11 17:23:09.997100829+00:00,DPR,dprrpf_precipitation_feature,DPR:36185:18884,2020-07-11 17:00:00+00:00,23.16661834715,True,True,1489,1489,1489.0,1489.0,274,274,pf_fitted_ellipse_vs_emma_grid_centres,robust_mcs,2020:1489,472.0,375.0,402.0,10814.5205,67625.445,-9999.9,80.00072,13.411326,13.375,13.0,11.5,173.88379,108.817566,57170.015625,True,True,mature_mcs_reconstructed,7,hit,2020:1489,0.0,hit_04,https://atmos.tamucc.edu/trmm/data/gpm/level_1/202007/1Z.GPM.PF.20200711-S162845-E180118.036185.V07A.HDF5,hit,23.16661834715,7126,963,963,True,22.28333333333333,24.516666666666666,21.549999237060547,31.549999237060547,47.25,54.64999771118164,actual DPR geolocation represented by pixel centre,hit,23.16661834715,7126,963,963,1161,829,True,True,22.283333333333335,24.516666666666666,21.549999237060547,31.549999237060547,47.25,54.64999771118164,actual DPR geolocation represented by pixel centre
2020.0,5.0,19.0,10.361112,35356.0,44.206028,9.899203,844.0,,,,,,,,,,,,9.899203,44.206028,266.6843,156.18323,-33.78512,0.15834787,1.0,pf_202005_level2.HDF,2020-05-19 10:21:40.001907348+00:00,DPR,dprrpf_precipitation_feature,DPR:35356:5009,2020-05-19 10:00:00+00:00,21.6666984558,True,True,272,272,272.0,272.0,218,218,pf_fitted_ellipse_vs_emma_grid_centres,robust_mcs,2020:272,851.0,466.0,352.0,13683.003,33048.523,22.749168,32.419117,10.588644,10.375,9.25,7.25,237.95134,169.56812,23553.12890625,True,True,mature_mcs_reconstructed,5,hit,2020:272,0.0,hit_05,https://atmos.tamucc.edu/trmm/data/gpm/level_1/202005/1Z.GPM.PF.20200519-S092534-E105806.035356.V07A.HDF5,hit,21.6666984558,5914,892,892,True,21.23333333333333,22.933333333333334,6.84999942779541,13.449999809265137,41.84999847412109,46.45000076293945,actual DPR geolocation represented by pixel centre,hit,21.6666984558,5914,892,892,1297,768,True,True,21.233333333333334,22.933333333333334,6.84999942779541,13.449999809265137,41.849998474121094,46.45000076293945,actual DPR geolocation represented by pixel centre
2020.0,5.0,19.0,10.367223,35356.0,44.644485,10.896667,13.0,,,,,,,,,,,,10.896667,44.644485,29.708155,14.607167,19.494385,0.23410103,1.0,pf_202005_level2.HDF,2020-05-19 10:22:02.002029420+00:00,DPR,dprrpf_precipitation_feature,DPR:35356:5024,2020-05-19 10:00:00+00:00,22.033367157,True,True,0,0,,,0,0,pf_fitted_ellipse_vs_emma_grid_centres,outside_emma,,866.0,11.0,2.0,165.67227,46.28084,-9999.9,1.5852331,7.283892,6.875,1.875,0.0,276.81113,267.39157,,,,outside_emma,5,miss,2020:272,0.0,miss_01,https://atmos.tamucc.edu/trmm/data/gpm/level_1/202005/1Z.GPM.PF.20200519-S092534-E105806.035356.V07A.HDF5,miss,22.033367157,5914,892,892,True,21.23333333333333,22.933333333333334,6.84999942779541,13.449999809265137,41.84999847412109,46.45000076293945,actual DPR geolocation represented by pixel centre,miss,22.033367157,2201,0,0,13,0,False,True,21.6,22.5,9.496667,12.296667000000001,43.244485000000005,46.044485,actual DPR geolocation represented by pixel centre
2020.0,6.0,4.0,5.9466667,35602.0,46.004387,6.110634,624.0,,,,,,,,,,,,6.110634,46.004387,222.04272,139.11983,50.09903,0.15785582,1.0,pf_202006_level2.HDF,2020-06-04 05:56:48.000183104+00:00,DPR,dprrpf_precipitation_feature,DPR:35602:8961,2020-06-04 06:00:00+00:00,-3.1999969482666666,True,True,0,0,,,0,0,pf_fitted_ellipse_vs_emma_grid_centres,outside_emma,,741.0,595.0,20.0,20274.162,1110.1621,-9999.9,17.916777,6.4553156,6.25,3.875,3.125,264.87796,244.59358,,,,outside_emma,6,miss,2020:480,0.0,miss_02,https://atmos.tamucc.edu/trmm/data/gpm/level_1/202006/1Z.GPM.PF.20200604-S050057-E063331.035602.V07A.HDF5,miss,-3.1999969482666666,7834,1236,1236,True,-3.7,-1.4833333333333334,3.3499999046325684,13.550000190734863,41.64999771118164,47.95000076293945,actual DPR geolocation represented by pixel centre,miss,-3.1999969482666666,4435,0,0,903,0,False,True,-3.683333333333333,-2.3,3.674825535762304,8.546442464237696,44.000341202615445,48.00843279738456,actual DPR geolocation represented by pixel centre
2020.0,7.0,11.0,17.3825,36185.0,51.389156,23.805357,165.0,,,,,,,,,,,,23.805357,51.389156,131.0974,56.229572,39.721405,0.17491487,1.0,pf_202007_level2.HDF,2020-07-11 17:22:56.998901366+00:00,DPR,dprrpf_precipitation_feature,DPR:36185:18880,2020-07-11 17:00:00+00:00,22.949981689433333,True,True,0,0,,,0,0,pf_fitted_ellipse_vs_emma_grid_centres,outside_emma,,468.0,113.0,44.0,4335.5923,5886.7173,-9999.9,24.6257,8.787423,8.25,5.5,4.0,266.10678,208.20525,,,,outside_emma,7,miss,2020:1489,0.0,miss_03,https://atmos.tamucc.edu/trmm/data/gpm/level_1/202007/1Z.GPM.PF.20200711-S162845-E180118.036185.V07A.HDF5,miss,22.949981689433333,7126,963,963,True,22.28333333333333,24.516666666666666,21.549999237060547,31.549999237060547,47.25,54.64999771118164,actual DPR geolocation represented by pixel centre,miss,22.949981689433333,2869,0,0,224,0,False,True,22.516666666666666,23.55,21.86175868380713,25.748955316192873,49.79635208587914,52.98195991412086,actual DPR geolocation represented by pixel centre
2020.0,8.0,29.0,19.892221,36949.0,47.998863,15.757471,20.0,,,,,,,,,,,,15.757471,47.998863,50.4088,13.574738,40.173065,0.22839883,1.0,pf_202008_level2.HDF,2020-08-29 19:53:31.997222901+00:00,DPR,dprrpf_precipitation_feature,DPR:36949:27730,2020-08-29 20:00:00+00:00,-6.46671295165,True,True,0,0,,,0,0,pf_fitted_ellipse_vs_emma_grid_centres,outside_emma,,549.0,18.0,2.0,504.16135,16.360857,21.05069,2.76367,7.110333,5.375,3.75,0.0,276.0341,257.67044,,,,outside_emma,8,miss,2020:2350,0.0,miss_04,https://atmos.tamucc.edu/trmm/data/gpm/level_1/202008/1Z.GPM.PF.20200829-S191624-E204857.036949.V07A.HDF5,miss,-6.46671295165,8278,1275,1275,True,-7.8,-5.3,10.649999618530272,18.649999618530277,44.04999923706055,52.94999694824219,actual DPR geolocation represented by pixel centre,miss,-6.46671295165,2314,0,0,21,0,False,True,-6.85,-5.983333333333333,14.357471,17.157471,46.598863,49.398863,actual DPR geolocation represented by pixel centre
2020.0,9.0,19.0,12.683333,37271.0,37.000107,21.628359,18.0,,,,,,,,,,,,21.628359,37.000107,50.4088,18.424204,-53.300705,0.1514534,1.0,pf_202009_level2.HDF,2020-09-19 12:41:00.000228883+00:00,DPR,dprrpf_precipitation_feature,DPR:37271:31402,2020-09-19 13:00:00+00:00,-18.999996185283333,True,True,0,0,,,0,0,pf_fitted_ellipse_vs_emma_grid_centres,outside_emma,,197.0,15.0,2.0,227.65672,21.042982,-9999.9,1.2675623,5.6286654,5.625,0.0,0.0,281.3706,271.31326,,,,outside_emma,9,miss,2020:2736,0.0,miss_05,https://atmos.tamucc.edu/trmm/data/gpm/level_1/202009/1Z.GPM.PF.20200919-S120723-E133957.037271.V07A.HDF5,miss,-18.999996185283333,7833,2071,2071,True,-20.23333333333333,-18.03333333333333,18.549999237060547,27.25,32.849998474121094,39.04999923706055,actual DPR geolocation represented by pixel centre,miss,-18.999996185283333,1859,0,0,29,0,False,True,-19.416666666666668,-18.516666666666666,20.228359,23.028359,35.600107,38.400107,actual DPR geolocation represented by pixel centre
