sensor,emma_class,feature_count,lat_min,lat_max,lon_min,lon_max
DPR,outside_emma,10,25.0,30.0,-10.0,-5.0
DPR,outside_emma_coverage,408,25.0,30.0,-10.0,-5.0
DPR,outside_emma,1,25.0,30.0,-5.0,0.0
DPR,outside_emma_coverage,213,25.0,30.0,-5.0,0.0
DPR,outside_emma,1,25.0,30.0,0.0,5.0
DPR,outside_emma_coverage,209,25.0,30.0,0.0,5.0
DPR,outside_emma,3,25.0,30.0,5.0,10.0
DPR,outside_emma_coverage,230,25.0,30.0,5.0,10.0
DPR,outside_emma,2,25.0,30.0,10.0,15.0
DPR,outside_emma_coverage,124,25.0,30.0,10.0,15.0
DPR,outside_emma_coverage,36,25.0,30.0,15.0,20.0
DPR,outside_emma_coverage,10,25.0,30.0,20.0,25.0
DPR,outside_emma_coverage,12,25.0,30.0,25.0,30.0
DPR,outside_emma_coverage,132,25.0,30.0,30.0,35.0
DPR,outside_emma,1,25.0,30.0,35.0,40.0
DPR,outside_emma_coverage,210,25.0,30.0,35.0,40.0
DPR,outside_emma_coverage,138,25.0,30.0,40.0,45.0
DPR,outside_emma,532,30.0,35.0,-10.0,-5.0
DPR,outside_emma_coverage,3,30.0,35.0,-10.0,-5.0
DPR,outside_emma,557,30.0,35.0,-5.0,0.0
DPR,outside_emma,319,30.0,35.0,0.0,5.0
DPR,outside_emma,213,30.0,35.0,5.0,10.0
DPR,robust_mcs,1,30.0,35.0,5.0,10.0
DPR,outside_emma,198,30.0,35.0,10.0,15.0
DPR,outside_emma,94,30.0,35.0,15.0,20.0
DPR,outside_emma,108,30.0,35.0,20.0,25.0
DPR,robust_mcs,5,30.0,35.0,20.0,25.0
DPR,outside_emma,51,30.0,35.0,25.0,30.0
DPR,outside_emma,54,30.0,35.0,30.0,35.0
DPR,outside_emma,197,30.0,35.0,35.0,40.0
DPR,outside_emma,1,30.0,35.0,40.0,45.0
DPR,outside_emma_coverage,81,30.0,35.0,40.0,45.0
DPR,outside_emma,386,35.0,40.0,-10.0,-5.0
DPR,outside_emma_coverage,2,35.0,40.0,-10.0,-5.0
DPR,outside_emma,472,35.0,40.0,-5.0,0.0
DPR,outside_emma,283,35.0,40.0,0.0,5.0
DPR,robust_mcs,1,35.0,40.0,0.0,5.0
DPR,outside_emma,538,35.0,40.0,5.0,10.0
DPR,robust_mcs,4,35.0,40.0,5.0,10.0
DPR,outside_emma,364,35.0,40.0,10.0,15.0
DPR,outside_emma,317,35.0,40.0,15.0,20.0
DPR,robust_mcs,3,35.0,40.0,15.0,20.0
DPR,outside_emma,577,35.0,40.0,20.0,25.0
DPR,robust_mcs,3,35.0,40.0,20.0,25.0
DPR,outside_emma,440,35.0,40.0,25.0,30.0
DPR,outside_emma,428,35.0,40.0,30.0,35.0
DPR,outside_emma,324,35.0,40.0,35.0,40.0
DPR,outside_emma,5,35.0,40.0,40.0,45.0
DPR,outside_emma_coverage,582,35.0,40.0,40.0,45.0
DPR,outside_emma,478,40.0,45.0,-10.0,-5.0
DPR,outside_emma_coverage,1,40.0,45.0,-10.0,-5.0
DPR,robust_mcs,3,40.0,45.0,-10.0,-5.0
DPR,outside_emma,776,40.0,45.0,-5.0,0.0
DPR,outside_emma,663,40.0,45.0,0.0,5.0
DPR,robust_mcs,2,40.0,45.0,0.0,5.0
DPR,outside_emma,629,40.0,45.0,5.0,10.0
DPR,robust_mcs,7,40.0,45.0,5.0,10.0
DPR,outside_emma,557,40.0,45.0,10.0,15.0
DPR,robust_mcs,6,40.0,45.0,10.0,15.0
DPR,outside_emma,694,40.0,45.0,15.0,20.0
DPR,robust_mcs,6,40.0,45.0,15.0,20.0
DPR,outside_emma,861,40.0,45.0,20.0,25.0
DPR,robust_mcs,3,40.0,45.0,20.0,25.0
DPR,outside_emma,588,40.0,45.0,25.0,30.0
DPR,robust_mcs,5,40.0,45.0,25.0,30.0
DPR,outside_emma,513,40.0,45.0,30.0,35.0
DPR,robust_mcs,2,40.0,45.0,30.0,35.0
DPR,outside_emma,518,40.0,45.0,35.0,40.0
DPR,robust_mcs,3,40.0,45.0,35.0,40.0
DPR,outside_emma,14,40.0,45.0,40.0,45.0
DPR,outside_emma_coverage,963,40.0,45.0,40.0,45.0
DPR,outside_emma,842,45.0,50.0,-10.0,-5.0
DPR,outside_emma_coverage,5,45.0,50.0,-10.0,-5.0
DPR,robust_mcs,1,45.0,50.0,-10.0,-5.0
DPR,outside_emma,818,45.0,50.0,-5.0,0.0
DPR,robust_mcs,2,45.0,50.0,-5.0,0.0
DPR,outside_emma,580,45.0,50.0,0.0,5.0
DPR,outside_emma,1101,45.0,50.0,5.0,10.0
DPR,robust_mcs,10,45.0,50.0,5.0,10.0
DPR,outside_emma,1265,45.0,50.0,10.0,15.0
DPR,robust_mcs,15,45.0,50.0,10.0,15.0
DPR,outside_emma,837,45.0,50.0,15.0,20.0
DPR,robust_mcs,7,45.0,50.0,15.0,20.0
DPR,outside_emma,900,45.0,50.0,20.0,25.0
DPR,robust_mcs,10,45.0,50.0,20.0,25.0
DPR,outside_emma,682,45.0,50.0,25.0,30.0
DPR,robust_mcs,6,45.0,50.0,25.0,30.0
DPR,outside_emma,663,45.0,50.0,30.0,35.0
DPR,robust_mcs,1,45.0,50.0,30.0,35.0
DPR,outside_emma,545,45.0,50.0,35.0,40.0
DPR,outside_emma,2,45.0,50.0,40.0,45.0
DPR,outside_emma_coverage,528,45.0,50.0,40.0,45.0
DPR,outside_emma,924,50.0,55.0,-10.0,-5.0
DPR,outside_emma_coverage,35,50.0,55.0,-10.0,-5.0
DPR,robust_mcs,2,50.0,55.0,-10.0,-5.0
DPR,outside_emma,946,50.0,55.0,-5.0,0.0
DPR,outside_emma_coverage,15,50.0,55.0,-5.0,0.0
DPR,robust_mcs,3,50.0,55.0,-5.0,0.0
DPR,outside_emma,816,50.0,55.0,0.0,5.0
DPR,outside_emma_coverage,12,50.0,55.0,0.0,5.0
DPR,robust_mcs,2,50.0,55.0,0.0,5.0
DPR,outside_emma,1139,50.0,55.0,5.0,10.0
DPR,outside_emma_coverage,16,50.0,55.0,5.0,10.0
DPR,robust_mcs,1,50.0,55.0,5.0,10.0
DPR,outside_emma,781,50.0,55.0,10.0,15.0
DPR,outside_emma_coverage,7,50.0,55.0,10.0,15.0
DPR,outside_emma,827,50.0,55.0,15.0,20.0
DPR,outside_emma_coverage,6,50.0,55.0,15.0,20.0
DPR,robust_mcs,3,50.0,55.0,15.0,20.0
DPR,outside_emma,738,50.0,55.0,20.0,25.0
DPR,outside_emma_coverage,17,50.0,55.0,20.0,25.0
DPR,robust_mcs,16,50.0,55.0,20.0,25.0
DPR,outside_emma,959,50.0,55.0,25.0,30.0
DPR,outside_emma_coverage,8,50.0,55.0,25.0,30.0
DPR,robust_mcs,14,50.0,55.0,25.0,30.0
DPR,outside_emma,806,50.0,55.0,30.0,35.0
DPR,outside_emma_coverage,11,50.0,55.0,30.0,35.0
DPR,robust_mcs,7,50.0,55.0,30.0,35.0
DPR,outside_emma,781,50.0,55.0,35.0,40.0
DPR,outside_emma_coverage,12,50.0,55.0,35.0,40.0
DPR,robust_mcs,1,50.0,55.0,35.0,40.0
DPR,outside_emma,8,50.0,55.0,40.0,45.0
DPR,outside_emma_coverage,772,50.0,55.0,40.0,45.0
GMI,outside_emma,8,25.0,30.0,-10.0,-5.0
GMI,outside_emma_coverage,962,25.0,30.0,-10.0,-5.0
GMI,outside_emma,7,25.0,30.0,-5.0,0.0
GMI,outside_emma_coverage,713,25.0,30.0,-5.0,0.0
GMI,outside_emma,3,25.0,30.0,0.0,5.0
GMI,outside_emma_coverage,884,25.0,30.0,0.0,5.0
GMI,outside_emma,1,25.0,30.0,5.0,10.0
GMI,outside_emma_coverage,675,25.0,30.0,5.0,10.0
GMI,outside_emma,1,25.0,30.0,10.0,15.0
GMI,outside_emma_coverage,286,25.0,30.0,10.0,15.0
GMI,outside_emma,1,25.0,30.0,15.0,20.0
GMI,outside_emma_coverage,152,25.0,30.0,15.0,20.0
GMI,outside_emma_coverage,38,25.0,30.0,20.0,25.0
GMI,outside_emma_coverage,38,25.0,30.0,25.0,30.0
GMI,outside_emma,1,25.0,30.0,30.0,35.0
GMI,outside_emma_coverage,308,25.0,30.0,30.0,35.0
GMI,outside_emma,4,25.0,30.0,35.0,40.0
GMI,outside_emma_coverage,475,25.0,30.0,35.0,40.0
GMI,outside_emma_coverage,570,25.0,30.0,40.0,45.0
GMI,outside_emma,913,30.0,35.0,-10.0,-5.0
GMI,outside_emma_coverage,9,30.0,35.0,-10.0,-5.0
GMI,outside_emma,1177,30.0,35.0,-5.0,0.0
GMI,outside_emma,624,30.0,35.0,0.0,5.0
GMI,outside_emma,434,30.0,35.0,5.0,10.0
GMI,outside_emma,377,30.0,35.0,10.0,15.0
GMI,robust_mcs,1,30.0,35.0,10.0,15.0
GMI,outside_emma,139,30.0,35.0,15.0,20.0
GMI,outside_emma,203,30.0,35.0,20.0,25.0
GMI,outside_emma,78,30.0,35.0,25.0,30.0
GMI,robust_mcs,1,30.0,35.0,25.0,30.0
GMI,outside_emma,40,30.0,35.0,30.0,35.0
GMI,outside_emma,331,30.0,35.0,35.0,40.0
GMI,outside_emma,3,30.0,35.0,40.0,45.0
GMI,outside_emma_coverage,243,30.0,35.0,40.0,45.0
GMI,outside_emma,616,35.0,40.0,-10.0,-5.0
GMI,outside_emma_coverage,7,35.0,40.0,-10.0,-5.0
GMI,outside_emma,871,35.0,40.0,-5.0,0.0
GMI,robust_mcs,1,35.0,40.0,-5.0,0.0
GMI,outside_emma,792,35.0,40.0,0.0,5.0
GMI,robust_mcs,3,35.0,40.0,0.0,5.0
GMI,outside_emma,756,35.0,40.0,5.0,10.0
GMI,robust_mcs,5,35.0,40.0,5.0,10.0
GMI,outside_emma,759,35.0,40.0,10.0,15.0
GMI,robust_mcs,3,35.0,40.0,10.0,15.0
GMI,outside_emma,615,35.0,40.0,15.0,20.0
GMI,robust_mcs,4,35.0,40.0,15.0,20.0
GMI,outside_emma,1904,35.0,40.0,20.0,25.0
GMI,robust_mcs,2,35.0,40.0,20.0,25.0
GMI,outside_emma,1731,35.0,40.0,25.0,30.0
GMI,robust_mcs,1,35.0,40.0,25.0,30.0
GMI,outside_emma,1173,35.0,40.0,30.0,35.0
GMI,robust_mcs,1,35.0,40.0,30.0,35.0
GMI,outside_emma,1321,35.0,40.0,35.0,40.0
GMI,outside_emma,5,35.0,40.0,40.0,45.0
GMI,outside_emma_coverage,2293,35.0,40.0,40.0,45.0
GMI,outside_emma,1260,40.0,45.0,-10.0,-5.0
GMI,outside_emma_coverage,13,40.0,45.0,-10.0,-5.0
GMI,robust_mcs,1,40.0,45.0,-10.0,-5.0
GMI,outside_emma,1628,40.0,45.0,-5.0,0.0
GMI,robust_mcs,3,40.0,45.0,-5.0,0.0
GMI,outside_emma,1605,40.0,45.0,0.0,5.0
GMI,robust_mcs,3,40.0,45.0,0.0,5.0
GMI,outside_emma,1435,40.0,45.0,5.0,10.0
GMI,robust_mcs,8,40.0,45.0,5.0,10.0
GMI,outside_emma,1564,40.0,45.0,10.0,15.0
GMI,robust_mcs,4,40.0,45.0,10.0,15.0
GMI,outside_emma,1907,40.0,45.0,15.0,20.0
GMI,robust_mcs,8,40.0,45.0,15.0,20.0
GMI,outside_emma,3086,40.0,45.0,20.0,25.0
GMI,robust_mcs,3,40.0,45.0,20.0,25.0
GMI,outside_emma,1600,40.0,45.0,25.0,30.0
GMI,robust_mcs,3,40.0,45.0,25.0,30.0
GMI,outside_emma,850,40.0,45.0,30.0,35.0
GMI,robust_mcs,4,40.0,45.0,30.0,35.0
GMI,outside_emma,1213,40.0,45.0,35.0,40.0
GMI,robust_mcs,5,40.0,45.0,35.0,40.0
GMI,outside_emma,34,40.0,45.0,40.0,45.0
GMI,outside_emma_coverage,4657,40.0,45.0,40.0,45.0
GMI,outside_emma,1441,45.0,50.0,-10.0,-5.0
GMI,outside_emma_coverage,17,45.0,50.0,-10.0,-5.0
GMI,robust_mcs,1,45.0,50.0,-10.0,-5.0
GMI,outside_emma,1703,45.0,50.0,-5.0,0.0
GMI,robust_mcs,2,45.0,50.0,-5.0,0.0
GMI,outside_emma,1614,45.0,50.0,0.0,5.0
GMI,robust_mcs,4,45.0,50.0,0.0,5.0
GMI,outside_emma,4006,45.0,50.0,5.0,10.0
GMI,robust_mcs,6,45.0,50.0,5.0,10.0
GMI,outside_emma,4090,45.0,50.0,10.0,15.0
GMI,robust_mcs,10,45.0,50.0,10.0,15.0
GMI,outside_emma,2180,45.0,50.0,15.0,20.0
GMI,robust_mcs,6,45.0,50.0,15.0,20.0
GMI,outside_emma,2561,45.0,50.0,20.0,25.0
GMI,robust_mcs,12,45.0,50.0,20.0,25.0
GMI,outside_emma,1712,45.0,50.0,25.0,30.0
GMI,robust_mcs,7,45.0,50.0,25.0,30.0
GMI,outside_emma,1355,45.0,50.0,30.0,35.0
GMI,robust_mcs,3,45.0,50.0,30.0,35.0
GMI,outside_emma,1332,45.0,50.0,35.0,40.0
GMI,robust_mcs,3,45.0,50.0,35.0,40.0
GMI,outside_emma,17,45.0,50.0,40.0,45.0
GMI,outside_emma_coverage,1333,45.0,50.0,40.0,45.0
GMI,outside_emma,2596,50.0,55.0,-10.0,-5.0
GMI,outside_emma_coverage,80,50.0,55.0,-10.0,-5.0
GMI,robust_mcs,3,50.0,55.0,-10.0,-5.0
GMI,outside_emma,2652,50.0,55.0,-5.0,0.0
GMI,outside_emma_coverage,36,50.0,55.0,-5.0,0.0
GMI,robust_mcs,1,50.0,55.0,-5.0,0.0
GMI,outside_emma,1686,50.0,55.0,0.0,5.0
GMI,outside_emma_coverage,14,50.0,55.0,0.0,5.0
GMI,robust_mcs,3,50.0,55.0,0.0,5.0
GMI,outside_emma,2414,50.0,55.0,5.0,10.0
GMI,outside_emma_coverage,18,50.0,55.0,5.0,10.0
GMI,robust_mcs,2,50.0,55.0,5.0,10.0
GMI,outside_emma,2713,50.0,55.0,10.0,15.0
GMI,outside_emma_coverage,95,50.0,55.0,10.0,15.0
GMI,outside_emma,2249,50.0,55.0,15.0,20.0
GMI,outside_emma_coverage,14,50.0,55.0,15.0,20.0
GMI,robust_mcs,8,50.0,55.0,15.0,20.0
GMI,outside_emma,2375,50.0,55.0,20.0,25.0
GMI,outside_emma_coverage,21,50.0,55.0,20.0,25.0
GMI,robust_mcs,9,50.0,55.0,20.0,25.0
GMI,outside_emma,2135,50.0,55.0,25.0,30.0
GMI,outside_emma_coverage,28,50.0,55.0,25.0,30.0
GMI,robust_mcs,10,50.0,55.0,25.0,30.0
GMI,outside_emma,1950,50.0,55.0,30.0,35.0
GMI,outside_emma_coverage,40,50.0,55.0,30.0,35.0
GMI,robust_mcs,3,50.0,55.0,30.0,35.0
GMI,mcs_nonrobust_phase,1,50.0,55.0,35.0,40.0
GMI,outside_emma,2185,50.0,55.0,35.0,40.0
GMI,outside_emma_coverage,30,50.0,55.0,35.0,40.0
GMI,robust_mcs,3,50.0,55.0,35.0,40.0
GMI,outside_emma,32,50.0,55.0,40.0,45.0
GMI,outside_emma_coverage,1726,50.0,55.0,40.0,45.0
