sensor,month,emma_class,feature_count,interpretation
DPR,5,outside_emma,6806,PF-feature co-occurrence lower bound; absence is not proof of no sensor overpass
DPR,5,outside_emma_coverage,1366,PF-feature co-occurrence lower bound; absence is not proof of no sensor overpass
DPR,5,robust_mcs,5,PF-feature co-occurrence lower bound; absence is not proof of no sensor overpass
DPR,6,outside_emma,7249,PF-feature co-occurrence lower bound; absence is not proof of no sensor overpass
DPR,6,outside_emma_coverage,992,PF-feature co-occurrence lower bound; absence is not proof of no sensor overpass
DPR,6,robust_mcs,76,PF-feature co-occurrence lower bound; absence is not proof of no sensor overpass
DPR,7,outside_emma,5701,PF-feature co-occurrence lower bound; absence is not proof of no sensor overpass
DPR,7,outside_emma_coverage,1209,PF-feature co-occurrence lower bound; absence is not proof of no sensor overpass
DPR,7,robust_mcs,21,PF-feature co-occurrence lower bound; absence is not proof of no sensor overpass
DPR,8,outside_emma,4257,PF-feature co-occurrence lower bound; absence is not proof of no sensor overpass
DPR,8,outside_emma_coverage,546,PF-feature co-occurrence lower bound; absence is not proof of no sensor overpass
DPR,8,robust_mcs,24,PF-feature co-occurrence lower bound; absence is not proof of no sensor overpass
DPR,9,outside_emma,5714,PF-feature co-occurrence lower bound; absence is not proof of no sensor overpass
DPR,9,outside_emma_coverage,685,PF-feature co-occurrence lower bound; absence is not proof of no sensor overpass
DPR,9,robust_mcs,29,PF-feature co-occurrence lower bound; absence is not proof of no sensor overpass
GMI,5,outside_emma,18261,PF-feature co-occurrence lower bound; absence is not proof of no sensor overpass
GMI,5,outside_emma_coverage,4373,PF-feature co-occurrence lower bound; absence is not proof of no sensor overpass
GMI,5,robust_mcs,5,PF-feature co-occurrence lower bound; absence is not proof of no sensor overpass
GMI,6,mcs_nonrobust_phase,1,PF-feature co-occurrence lower bound; absence is not proof of no sensor overpass
GMI,6,outside_emma,19343,PF-feature co-occurrence lower bound; absence is not proof of no sensor overpass
GMI,6,outside_emma_coverage,3553,PF-feature co-occurrence lower bound; absence is not proof of no sensor overpass
GMI,6,robust_mcs,78,PF-feature co-occurrence lower bound; absence is not proof of no sensor overpass
GMI,7,outside_emma,13855,PF-feature co-occurrence lower bound; absence is not proof of no sensor overpass
GMI,7,outside_emma_coverage,3302,PF-feature co-occurrence lower bound; absence is not proof of no sensor overpass
GMI,7,robust_mcs,24,PF-feature co-occurrence lower bound; absence is not proof of no sensor overpass
GMI,8,outside_emma,9898,PF-feature co-occurrence lower bound; absence is not proof of no sensor overpass
GMI,8,outside_emma_coverage,1784,PF-feature co-occurrence lower bound; absence is not proof of no sensor overpass
GMI,8,robust_mcs,18,PF-feature co-occurrence lower bound; absence is not proof of no sensor overpass
GMI,9,outside_emma,14711,PF-feature co-occurrence lower bound; absence is not proof of no sensor overpass
GMI,9,outside_emma_coverage,2763,PF-feature co-occurrence lower bound; absence is not proof of no sensor overpass
GMI,9,robust_mcs,35,PF-feature co-occurrence lower bound; absence is not proof of no sensor overpass
