sensor,track_uid,orbit,feature_count,earliest_observation,latest_observation,robust_feature_count,is_duplicate_system_orbit
DPR,2020:1018,35858.0,3,2020-06-20 16:40:08.999633787+00:00,2020-06-20 16:40:50.994873048+00:00,3,True
DPR,2020:1052,35873.0,1,2020-06-21 15:47:05.000381469+00:00,2020-06-21 15:47:05.000381469+00:00,1,False
DPR,2020:1060,35873.0,1,2020-06-21 15:44:30.999526976+00:00,2020-06-21 15:44:30.999526976+00:00,1,False
DPR,2020:1062,35873.0,1,2020-06-21 15:47:44.001846312+00:00,2020-06-21 15:47:44.001846312+00:00,1,False
DPR,2020:1092,35888.0,2,2020-06-22 14:55:17.002487182+00:00,2020-06-22 14:56:02.001800536+00:00,2,True
DPR,2020:1100,35893.0,3,2020-06-22 22:55:31.995391846+00:00,2020-06-22 22:56:00.999298096+00:00,3,True
DPR,2020:1116,35903.0,2,2020-06-23 14:01:28.999557494+00:00,2020-06-23 14:02:06.002883909+00:00,2,True
DPR,2020:1142,35920.0,2,2020-06-24 16:15:04.998779297+00:00,2020-06-24 16:15:15.998840330+00:00,2,True
DPR,2020:1169,35940.0,1,2020-06-25 23:25:39.994812012+00:00,2020-06-25 23:25:39.994812012+00:00,1,False
DPR,2020:1176,35950.0,2,2020-06-26 14:35:17.000198365+00:00,2020-06-26 14:35:18.998336792+00:00,2,True
DPR,2020:1193,35950.0,2,2020-06-26 14:34:32.000885011+00:00,2020-06-26 14:34:34.998092652+00:00,2,True
DPR,2020:1201,35950.0,2,2020-06-26 14:34:55.000076293+00:00,2020-06-26 14:35:17.999267578+00:00,2,True
DPR,2020:1204,35955.0,1,2020-06-26 22:34:49.002227781+00:00,2020-06-26 22:34:49.002227781+00:00,1,False
DPR,2020:1251,35970.0,1,2020-06-27 21:42:22.002868652+00:00,2020-06-27 21:42:22.002868652+00:00,1,False
DPR,2020:1324,36027.0,2,2020-07-01 13:20:47.998809816+00:00,2020-07-01 13:20:52.997589110+00:00,2,True
DPR,2020:1343,36047.0,1,2020-07-02 20:30:59.999084474+00:00,2020-07-02 20:30:59.999084474+00:00,1,False
DPR,2020:1384,36063.0,1,2020-07-03 21:12:45.005493164+00:00,2020-07-03 21:12:45.005493164+00:00,1,False
DPR,2020:1439,36123.0,4,2020-07-07 17:43:28.003234864+00:00,2020-07-07 17:43:37.005157470+00:00,4,True
DPR,2020:1474,36170.0,1,2020-07-10 18:15:06.996917725+00:00,2020-07-10 18:15:06.996917725+00:00,1,False
DPR,2020:1475,36170.0,1,2020-07-10 18:14:55.001220702+00:00,2020-07-10 18:14:55.001220702+00:00,1,False
DPR,2020:1489,36185.0,1,2020-07-11 17:23:09.997100829+00:00,2020-07-11 17:23:09.997100829+00:00,1,False
DPR,2020:1614,36355.0,4,2020-07-22 15:42:37.998275756+00:00,2020-07-22 15:43:14.998168945+00:00,4,True
DPR,2020:1625,36370.0,3,2020-07-23 14:52:19.999008177+00:00,2020-07-23 14:52:54.001693725+00:00,3,True
DPR,2020:1692,36431.0,2,2020-07-27 12:58:36.998291017+00:00,2020-07-27 12:58:57.999343872+00:00,2,True
DPR,2020:1715,36446.0,1,2020-07-28 12:08:51.999206542+00:00,2020-07-28 12:08:51.999206542+00:00,1,False
DPR,2020:1812,36524.0,2,2020-08-02 12:29:43.002090452+00:00,2020-08-02 12:29:45.999298096+00:00,2,True
DPR,2020:1812,36534.0,4,2020-08-03 03:36:01.999511719+00:00,2020-08-03 03:37:05.000095369+00:00,4,True
DPR,2020:1838,36539.0,3,2020-08-03 11:38:43.999786377+00:00,2020-08-03 11:38:48.998565675+00:00,3,True
DPR,2020:1853,36566.0,3,2020-08-05 05:00:36.999893188+00:00,2020-08-05 05:01:15.000572204+00:00,3,True
DPR,2020:1942,36647.0,1,2020-08-10 10:15:22.000122072+00:00,2020-08-10 10:15:22.000122072+00:00,1,False
DPR,2020:1962,36658.0,1,2020-08-11 02:59:18.000469208+00:00,2020-08-11 02:59:18.000469208+00:00,1,False
DPR,2020:1991,36678.0,1,2020-08-12 10:07:10.001449585+00:00,2020-08-12 10:07:10.001449585+00:00,1,False
DPR,2020:2029,36693.0,1,2020-08-13 09:14:14.001617432+00:00,2020-08-13 09:14:14.001617432+00:00,1,False
DPR,2020:2064,36718.0,3,2020-08-14 23:30:28.001403809+00:00,2020-08-14 23:30:48.003387451+00:00,3,True
DPR,2020:2350,36949.0,3,2020-08-29 19:52:39.001922608+00:00,2020-08-29 19:53:58.996124268+00:00,3,True
DPR,2020:2356,36954.0,1,2020-08-30 03:54:28.000030518+00:00,2020-08-30 03:54:28.000030518+00:00,1,False
DPR,2020:2383,36964.0,1,2020-08-30 19:03:57.998199463+00:00,2020-08-30 19:03:57.998199463+00:00,1,False
DPR,2020:2527,37093.0,2,2020-09-08 02:25:59.000301361+00:00,2020-09-08 02:26:20.000495911+00:00,2,True
DPR,2020:2547,37118.0,3,2020-09-09 16:34:28.004608153+00:00,2020-09-09 16:35:22.002410889+00:00,3,True
DPR,2020:2570,37139.0,3,2020-09-11 01:23:43.999786377+00:00,2020-09-11 01:24:03.000125883+00:00,3,True
DPR,2020:2614,37179.0,1,2020-09-13 14:42:47.000198365+00:00,2020-09-13 14:42:47.000198365+00:00,1,False
DPR,2020:2702,37257.0,1,2020-09-18 15:06:06.002655030+00:00,2020-09-18 15:06:06.002655030+00:00,1,False
DPR,2020:2718,37262.0,1,2020-09-18 23:09:12.996826171+00:00,2020-09-18 23:09:12.996826171+00:00,1,False
DPR,2020:272,35356.0,3,2020-05-19 10:21:40.001907348+00:00,2020-05-19 10:22:07.999877928+00:00,3,True
DPR,2020:2721,37262.0,1,2020-09-18 23:12:16.001586914+00:00,2020-09-18 23:12:16.001586914+00:00,1,False
DPR,2020:2736,37271.0,8,2020-09-19 12:40:24.002838134+00:00,2020-09-19 12:41:07.999649048+00:00,8,True
DPR,2020:2847,37338.0,1,2020-09-23 20:27:19.002227781+00:00,2020-09-23 20:27:19.002227781+00:00,1,False
DPR,2020:287,35381.0,1,2020-05-21 00:35:22.999978064+00:00,2020-05-21 00:35:22.999978064+00:00,1,False
DPR,2020:2926,37369.0,2,2020-09-25 20:17:45.996551512+00:00,2020-09-25 20:17:58.994750976+00:00,2,True
DPR,2020:2959,37384.0,3,2020-09-26 19:26:44.999542237+00:00,2020-09-26 19:26:56.995239256+00:00,3,True
DPR,2020:2987,37400.0,1,2020-09-27 20:09:48.997650146+00:00,2020-09-27 20:09:48.997650146+00:00,1,False
DPR,2020:3005,37425.0,2,2020-09-29 10:22:11.000518798+00:00,2020-09-29 10:22:29.000930786+00:00,2,True
DPR,2020:383,35519.0,1,2020-05-29 21:34:34.005889891+00:00,2020-05-29 21:34:34.005889891+00:00,1,False
DPR,2020:480,35602.0,1,2020-06-04 05:57:17.999725341+00:00,2020-06-04 05:57:17.999725341+00:00,1,False
DPR,2020:480,35612.0,2,2020-06-04 21:01:37.002410889+00:00,2020-06-04 21:03:19.999237060+00:00,2,True
DPR,2020:480,35617.0,6,2020-06-05 05:05:01.001358031+00:00,2020-06-05 05:06:07.000007630+00:00,6,True
DPR,2020:480,35627.0,1,2020-06-05 20:09:45.001373292+00:00,2020-06-05 20:09:45.001373292+00:00,1,False
DPR,2020:546,35643.0,3,2020-06-06 20:51:58.997955322+00:00,2020-06-06 20:52:34.003143310+00:00,3,True
DPR,2020:546,35648.0,4,2020-06-07 04:55:22.998619081+00:00,2020-06-07 04:55:49.000167847+00:00,4,True
DPR,2020:546,35658.0,4,2020-06-07 20:03:33.999938964+00:00,2020-06-07 20:04:28.004608153+00:00,4,True
DPR,2020:577,35658.0,2,2020-06-07 20:04:41.002807616+00:00,2020-06-07 20:04:51.000366212+00:00,2,True
DPR,2020:584,35658.0,1,2020-06-07 20:02:56.000976561+00:00,2020-06-07 20:02:56.000976561+00:00,1,False
DPR,2020:666,35703.0,1,2020-06-10 17:26:17.993774414+00:00,2020-06-10 17:26:17.993774414+00:00,1,False
DPR,2020:676,35704.0,3,2020-06-10 19:02:42.000274658+00:00,2020-06-10 19:02:58.994750976+00:00,3,True
DPR,2020:681,35704.0,3,2020-06-10 19:03:39.994354249+00:00,2020-06-10 19:03:42.994995116+00:00,3,True
DPR,2020:734,35724.0,4,2020-06-12 02:11:23.000278473+00:00,2020-06-12 02:11:52.999820710+00:00,4,True
DPR,2020:765,35740.0,1,2020-06-13 02:50:14.999485016+00:00,2020-06-13 02:50:14.999485016+00:00,1,False
DPR,2020:795,35749.0,1,2020-06-13 16:25:08.999633787+00:00,2020-06-13 16:25:08.999633787+00:00,1,False
DPR,2020:808,35751.0,1,2020-06-13 19:34:56.006011963+00:00,2020-06-13 19:34:56.006011963+00:00,1,False
DPR,2020:828,35765.0,2,2020-06-14 17:07:23.003082274+00:00,2020-06-14 17:07:39.001922608+00:00,2,True
DPR,2020:830,35765.0,1,2020-06-14 17:09:51.998291017+00:00,2020-06-14 17:09:51.998291017+00:00,1,False
DPR,2020:889,35796.0,4,2020-06-16 16:58:44.002075195+00:00,2020-06-16 17:00:09.997558592+00:00,4,True
DPR,2020:945,35827.0,6,2020-06-18 16:50:36.003112792+00:00,2020-06-18 16:51:12.003936768+00:00,6,True
DPR,2020:950,35827.0,1,2020-06-18 16:49:07.000122072+00:00,2020-06-18 16:49:07.000122072+00:00,1,False
GMI,2020:1018,35858.0,2,2020-06-20 16:39:22.108612060+00:00,2020-06-20 16:40:06.053924560+00:00,2,True
GMI,2020:1023,35857.0,1,2020-06-20 15:04:04.023513793+00:00,2020-06-20 15:04:04.023513793+00:00,1,False
GMI,2020:1023,35858.0,2,2020-06-20 16:39:51.469573975+00:00,2020-06-20 16:40:04.982757567+00:00,2,True
GMI,2020:1052,35873.0,1,2020-06-21 15:46:34.029235840+00:00,2020-06-21 15:46:34.029235840+00:00,1,False
GMI,2020:1060,35873.0,1,2020-06-21 15:43:38.237686158+00:00,2020-06-21 15:43:38.237686158+00:00,1,False
GMI,2020:1062,35873.0,2,2020-06-21 15:46:32.999267578+00:00,2020-06-21 15:46:56.836166383+00:00,2,True
GMI,2020:1092,35888.0,1,2020-06-22 14:54:43.913040159+00:00,2020-06-22 14:54:43.913040159+00:00,1,False
GMI,2020:1100,35888.0,1,2020-06-22 14:54:28.140792847+00:00,2020-06-22 14:54:28.140792847+00:00,1,False
GMI,2020:1100,35893.0,2,2020-06-22 22:54:44.802246092+00:00,2020-06-22 22:55:12.316131591+00:00,2,True
GMI,2020:1116,35903.0,1,2020-06-23 14:00:41.088867188+00:00,2020-06-23 14:00:41.088867188+00:00,1,False
GMI,2020:1117,35903.0,1,2020-06-23 14:00:28.135299682+00:00,2020-06-23 14:00:28.135299682+00:00,1,False
GMI,2020:1142,35920.0,1,2020-06-24 16:14:21.952972413+00:00,2020-06-24 16:14:21.952972413+00:00,1,False
GMI,2020:1144,35920.0,1,2020-06-24 16:15:24.472045897+00:00,2020-06-24 16:15:24.472045897+00:00,1,False
GMI,2020:1158,35935.0,1,2020-06-25 15:22:25.553970336+00:00,2020-06-25 15:22:25.553970336+00:00,1,False
GMI,2020:1158,35940.0,1,2020-06-25 23:26:08.950653074+00:00,2020-06-25 23:26:08.950653074+00:00,1,False
GMI,2020:1160,35935.0,1,2020-06-25 15:22:50.424270628+00:00,2020-06-25 15:22:50.424270628+00:00,1,False
GMI,2020:1169,35940.0,2,2020-06-25 23:24:08.787689208+00:00,2020-06-25 23:24:46.422729493+00:00,2,True
GMI,2020:1176,35950.0,1,2020-06-26 14:34:19.751129151+00:00,2020-06-26 14:34:19.751129151+00:00,1,False
GMI,2020:119,35182.0,1,2020-05-08 05:36:56.879653932+00:00,2020-05-08 05:36:56.879653932+00:00,1,False
GMI,2020:1192,35951.0,1,2020-06-26 16:07:50.290374755+00:00,2020-06-26 16:07:50.290374755+00:00,1,False
GMI,2020:1193,35950.0,1,2020-06-26 14:33:37.010879517+00:00,2020-06-26 14:33:37.010879517+00:00,1,False
GMI,2020:1193,35955.0,1,2020-06-26 22:34:32.879791261+00:00,2020-06-26 22:34:32.879791261+00:00,1,False
GMI,2020:1201,35950.0,2,2020-06-26 14:33:28.400344848+00:00,2020-06-26 14:33:47.502822877+00:00,2,True
GMI,2020:1203,35951.0,2,2020-06-26 16:07:05.466156006+00:00,2020-06-26 16:07:11.975555420+00:00,2,True
GMI,2020:1203,35955.0,1,2020-06-26 22:33:02.544708250+00:00,2020-06-26 22:33:02.544708250+00:00,1,False
GMI,2020:1204,35955.0,1,2020-06-26 22:33:53.740997316+00:00,2020-06-26 22:33:53.740997316+00:00,1,False
GMI,2020:1251,35970.0,1,2020-06-27 21:41:20.857086182+00:00,2020-06-27 21:41:20.857086182+00:00,1,False
GMI,2020:1272,35981.0,3,2020-06-28 14:24:02.171859742+00:00,2020-06-28 14:24:18.428192139+00:00,3,True
GMI,2020:1324,36027.0,1,2020-07-01 13:19:58.728561402+00:00,2020-07-01 13:19:58.728561402+00:00,1,False
GMI,2020:1324,36032.0,1,2020-07-01 21:22:24.362640379+00:00,2020-07-01 21:22:24.362640379+00:00,1,False
GMI,2020:1343,36047.0,2,2020-07-02 20:30:12.840270994+00:00,2020-07-02 20:30:17.598724365+00:00,2,True
GMI,2020:1352,36047.0,1,2020-07-02 20:31:02.319946287+00:00,2020-07-02 20:31:02.319946287+00:00,1,False
GMI,2020:1369,36057.0,1,2020-07-03 11:37:02.668075561+00:00,2020-07-03 11:37:02.668075561+00:00,1,False
GMI,2020:1371,36057.0,2,2020-07-03 11:39:03.198394774+00:00,2020-07-03 11:39:09.814224243+00:00,2,True
GMI,2020:1384,36063.0,1,2020-07-03 21:11:47.553863524+00:00,2020-07-03 21:11:47.553863524+00:00,1,False
GMI,2020:1439,36123.0,2,2020-07-07 17:44:10.485992432+00:00,2020-07-07 17:44:37.072906494+00:00,2,True
GMI,2020:1440,36119.0,1,2020-07-07 11:19:15.699920653+00:00,2020-07-07 11:19:15.699920653+00:00,1,False
GMI,2020:1474,36170.0,1,2020-07-10 18:15:54.526519774+00:00,2020-07-10 18:15:54.526519774+00:00,1,False
GMI,2020:1489,36185.0,1,2020-07-11 17:24:18.229064940+00:00,2020-07-11 17:24:18.229064940+00:00,1,False
GMI,2020:1512,36210.0,1,2020-07-13 07:38:30.500335694+00:00,2020-07-13 07:38:30.500335694+00:00,1,False
GMI,2020:1521,36215.0,1,2020-07-13 15:40:44.341278074+00:00,2020-07-13 15:40:44.341278074+00:00,1,False
GMI,2020:1614,36355.0,2,2020-07-22 15:44:08.395156860+00:00,2020-07-22 15:44:25.417098999+00:00,2,True
GMI,2020:1625,36370.0,2,2020-07-23 14:53:32.917327879+00:00,2020-07-23 14:53:44.672698975+00:00,2,True
GMI,2020:1648,36395.0,1,2020-07-25 05:06:47.422828674+00:00,2020-07-25 05:06:47.422828674+00:00,1,False
GMI,2020:1656,36400.0,1,2020-07-25 13:09:09.944686890+00:00,2020-07-25 13:09:09.944686890+00:00,1,False
GMI,2020:1692,36431.0,1,2020-07-27 12:59:50.362930298+00:00,2020-07-27 12:59:50.362930298+00:00,1,False
GMI,2020:1715,36446.0,1,2020-07-28 12:10:08.755874634+00:00,2020-07-28 12:10:08.755874634+00:00,1,False
GMI,2020:1808,36519.0,1,2020-08-02 04:29:12.314186095+00:00,2020-08-02 04:29:12.314186095+00:00,1,False
GMI,2020:1812,36524.0,2,2020-08-02 12:30:47.182846067+00:00,2020-08-02 12:30:55.999374390+00:00,2,True
GMI,2020:1812,36534.0,1,2020-08-03 03:38:12.360877990+00:00,2020-08-03 03:38:12.360877990+00:00,1,False
GMI,2020:1838,36539.0,1,2020-08-03 11:39:56.526718140+00:00,2020-08-03 11:39:56.526718140+00:00,1,False
GMI,2020:1853,36566.0,1,2020-08-05 05:02:15.397911070+00:00,2020-08-05 05:02:15.397911070+00:00,1,False
GMI,2020:1862,36565.0,1,2020-08-05 03:27:53.978233338+00:00,2020-08-05 03:27:53.978233338+00:00,1,False
GMI,2020:1942,36647.0,1,2020-08-10 10:16:35.447158812+00:00,2020-08-10 10:16:35.447158812+00:00,1,False
GMI,2020:1959,36656.0,1,2020-08-10 23:50:33.977508543+00:00,2020-08-10 23:50:33.977508543+00:00,1,False
GMI,2020:1964,36661.0,1,2020-08-11 07:54:09.884605406+00:00,2020-08-11 07:54:09.884605406+00:00,1,False
GMI,2020:1991,36678.0,1,2020-08-12 10:06:26.794281006+00:00,2020-08-12 10:06:26.794281006+00:00,1,False
GMI,2020:2052,36704.0,1,2020-08-14 01:57:06.971340178+00:00,2020-08-14 01:57:06.971340178+00:00,1,False
GMI,2020:2064,36718.0,1,2020-08-14 23:29:29.032287597+00:00,2020-08-14 23:29:29.032287597+00:00,1,False
GMI,2020:2069,36720.0,1,2020-08-15 02:38:02.411384582+00:00,2020-08-15 02:38:02.411384582+00:00,1,False
GMI,2020:2350,36949.0,1,2020-08-29 19:52:25.008087158+00:00,2020-08-29 19:52:25.008087158+00:00,1,False
GMI,2020:2350,36953.0,1,2020-08-30 02:18:22.093505859+00:00,2020-08-30 02:18:22.093505859+00:00,1,False
GMI,2020:2356,36949.0,1,2020-08-29 19:49:34.562072755+00:00,2020-08-29 19:49:34.562072755+00:00,1,False
GMI,2020:2356,36954.0,1,2020-08-30 03:53:40.627498628+00:00,2020-08-30 03:53:40.627498628+00:00,1,False
GMI,2020:2432,37001.0,3,2020-09-02 04:27:54.146461485+00:00,2020-09-02 04:28:06.933517456+00:00,3,True
GMI,2020:2527,37093.0,1,2020-09-08 02:25:13.650798799+00:00,2020-09-08 02:25:13.650798799+00:00,1,False
GMI,2020:2533,37103.0,1,2020-09-08 17:27:28.951721190+00:00,2020-09-08 17:27:28.951721190+00:00,1,False
GMI,2020:2538,37108.0,1,2020-09-09 01:31:49.482622146+00:00,2020-09-09 01:31:49.482622146+00:00,1,False
GMI,2020:2547,37118.0,2,2020-09-09 16:34:05.860290525+00:00,2020-09-09 16:34:11.099395750+00:00,2,True
GMI,2020:2556,37133.0,1,2020-09-10 15:43:11.578674316+00:00,2020-09-10 15:43:11.578674316+00:00,1,False
GMI,2020:2570,37139.0,1,2020-09-11 01:22:46.573047638+00:00,2020-09-11 01:22:46.573047638+00:00,1,False
GMI,2020:2576,37149.0,1,2020-09-11 16:26:40.199890135+00:00,2020-09-11 16:26:40.199890135+00:00,1,False
GMI,2020:2583,37154.0,1,2020-09-12 00:31:31.465902327+00:00,2020-09-12 00:31:31.465902327+00:00,1,False
GMI,2020:2614,37179.0,1,2020-09-13 14:42:04.328613280+00:00,2020-09-13 14:42:04.328613280+00:00,1,False
GMI,2020:2652,37210.0,1,2020-09-15 14:32:20.031051634+00:00,2020-09-15 14:32:20.031051634+00:00,1,False
GMI,2020:2702,37257.0,1,2020-09-18 15:05:12.385940550+00:00,2020-09-18 15:05:12.385940550+00:00,1,False
GMI,2020:2718,37257.0,2,2020-09-18 15:06:07.190551756+00:00,2020-09-18 15:06:52.533187866+00:00,2,True
GMI,2020:272,35356.0,2,2020-05-19 10:23:07.415313720+00:00,2020-05-19 10:23:50.110931396+00:00,2,True
GMI,2020:2721,37262.0,1,2020-09-18 23:11:39.856567383+00:00,2020-09-18 23:11:39.856567383+00:00,1,False
GMI,2020:2736,37271.0,1,2020-09-19 12:39:45.873413085+00:00,2020-09-19 12:39:45.873413085+00:00,1,False
GMI,2020:2736,37286.0,1,2020-09-20 11:47:35.192184450+00:00,2020-09-20 11:47:35.192184450+00:00,1,False
GMI,2020:2753,37287.0,1,2020-09-20 13:23:03.604431152+00:00,2020-09-20 13:23:03.604431152+00:00,1,False
GMI,2020:2808,37323.0,1,2020-09-22 21:19:52.586517334+00:00,2020-09-22 21:19:52.586517334+00:00,1,False
GMI,2020:2808,37333.0,1,2020-09-23 12:23:25.250930786+00:00,2020-09-23 12:23:25.250930786+00:00,1,False
GMI,2020:2810,37323.0,1,2020-09-22 21:19:38.043365476+00:00,2020-09-22 21:19:38.043365476+00:00,1,False
GMI,2020:2840,37333.0,1,2020-09-23 12:23:30.939788817+00:00,2020-09-23 12:23:30.939788817+00:00,1,False
GMI,2020:2847,37338.0,1,2020-09-23 20:28:18.383331298+00:00,2020-09-23 20:28:18.383331298+00:00,1,False
GMI,2020:2856,37338.0,1,2020-09-23 20:28:58.751220702+00:00,2020-09-23 20:28:58.751220702+00:00,1,False
GMI,2020:287,35381.0,1,2020-05-21 00:35:03.478431703+00:00,2020-05-21 00:35:03.478431703+00:00,1,False
GMI,2020:2926,37369.0,3,2020-09-25 20:19:11.147460938+00:00,2020-09-25 20:19:30.655059816+00:00,3,True
GMI,2020:2959,37384.0,2,2020-09-26 19:26:02.530517578+00:00,2020-09-26 19:27:35.001068115+00:00,2,True
GMI,2020:2987,37400.0,1,2020-09-27 20:10:21.208190919+00:00,2020-09-27 20:10:21.208190919+00:00,1,False
GMI,2020:3005,37425.0,1,2020-09-29 10:23:01.499862670+00:00,2020-09-29 10:23:01.499862670+00:00,1,False
GMI,2020:3013,37430.0,1,2020-09-29 18:25:56.391906738+00:00,2020-09-29 18:25:56.391906738+00:00,1,False
GMI,2020:383,35519.0,1,2020-05-29 21:33:57.139892578+00:00,2020-05-29 21:33:57.139892578+00:00,1,False
GMI,2020:417,35555.0,1,2020-06-01 05:26:03.575935363+00:00,2020-06-01 05:26:03.575935363+00:00,1,False
GMI,2020:480,35602.0,1,2020-06-04 05:56:12.620773316+00:00,2020-06-04 05:56:12.620773316+00:00,1,False
GMI,2020:480,35612.0,1,2020-06-04 21:02:25.005798340+00:00,2020-06-04 21:02:25.005798340+00:00,1,False
GMI,2020:480,35617.0,3,2020-06-05 05:05:03.433799742+00:00,2020-06-05 05:06:45.235862733+00:00,3,True
GMI,2020:480,35627.0,1,2020-06-05 20:09:05.478057860+00:00,2020-06-05 20:09:05.478057860+00:00,1,False
GMI,2020:546,35643.0,1,2020-06-06 20:51:48.554077147+00:00,2020-06-06 20:51:48.554077147+00:00,1,False
GMI,2020:546,35648.0,1,2020-06-07 04:54:39.652404786+00:00,2020-06-07 04:54:39.652404786+00:00,1,False
GMI,2020:550,35642.0,1,2020-06-06 19:22:23.840789793+00:00,2020-06-06 19:22:23.840789793+00:00,1,False
GMI,2020:584,35658.0,1,2020-06-07 20:02:30.045776366+00:00,2020-06-07 20:02:30.045776366+00:00,1,False
GMI,2020:666,35703.0,1,2020-06-10 17:25:32.482910157+00:00,2020-06-10 17:25:32.482910157+00:00,1,False
GMI,2020:669,35704.0,1,2020-06-10 19:00:28.502655030+00:00,2020-06-10 19:00:28.502655030+00:00,1,False
GMI,2020:676,35704.0,1,2020-06-10 19:01:48.805847169+00:00,2020-06-10 19:01:48.805847169+00:00,1,False
GMI,2020:687,35704.0,1,2020-06-10 19:01:32.800140379+00:00,2020-06-10 19:01:32.800140379+00:00,1,False
GMI,2020:691,35708.0,1,2020-06-11 01:26:12.635793686+00:00,2020-06-11 01:26:12.635793686+00:00,1,False
GMI,2020:730,35719.0,1,2020-06-11 18:09:47.555694579+00:00,2020-06-11 18:09:47.555694579+00:00,1,False
GMI,2020:734,35724.0,1,2020-06-12 02:10:48.174476624+00:00,2020-06-12 02:10:48.174476624+00:00,1,False
GMI,2020:758,35739.0,1,2020-06-13 01:18:08.576459884+00:00,2020-06-13 01:18:08.576459884+00:00,1,False
GMI,2020:760,35734.0,1,2020-06-12 17:17:51.194458006+00:00,2020-06-12 17:17:51.194458006+00:00,1,False
GMI,2020:761,35734.0,1,2020-06-12 17:16:17.858734129+00:00,2020-06-12 17:16:17.858734129+00:00,1,False
GMI,2020:765,35736.0,1,2020-06-12 20:25:49.353790281+00:00,2020-06-12 20:25:49.353790281+00:00,1,False
GMI,2020:765,35740.0,1,2020-06-13 02:49:53.905735016+00:00,2020-06-13 02:49:53.905735016+00:00,1,False
GMI,2020:795,35749.0,1,2020-06-13 16:24:21.497497560+00:00,2020-06-13 16:24:21.497497560+00:00,1,False
GMI,2020:802,35750.0,1,2020-06-13 17:59:29.306945799+00:00,2020-06-13 17:59:29.306945799+00:00,1,False
GMI,2020:808,35751.0,1,2020-06-13 19:33:55.972595214+00:00,2020-06-13 19:33:55.972595214+00:00,1,False
GMI,2020:810,35755.0,1,2020-06-14 01:59:52.157220838+00:00,2020-06-14 01:59:52.157220838+00:00,1,False
GMI,2020:828,35765.0,1,2020-06-14 17:06:32.115783690+00:00,2020-06-14 17:06:32.115783690+00:00,1,False
GMI,2020:830,35765.0,1,2020-06-14 17:08:54.402465821+00:00,2020-06-14 17:08:54.402465821+00:00,1,False
GMI,2020:833,35765.0,1,2020-06-14 17:07:07.890014647+00:00,2020-06-14 17:07:07.890014647+00:00,1,False
GMI,2020:837,35765.0,1,2020-06-14 17:09:37.475738524+00:00,2020-06-14 17:09:37.475738524+00:00,1,False
GMI,2020:889,35796.0,2,2020-06-16 16:58:25.133056640+00:00,2020-06-16 16:58:40.802307128+00:00,2,True
GMI,2020:918,35811.0,1,2020-06-17 16:05:18.555450439+00:00,2020-06-17 16:05:18.555450439+00:00,1,False
GMI,2020:919,35812.0,2,2020-06-17 17:41:10.955657958+00:00,2020-06-17 17:41:52.669372560+00:00,2,True
GMI,2020:945,35827.0,2,2020-06-18 16:49:43.797454834+00:00,2020-06-18 16:49:50.299987792+00:00,2,True
GMI,2020:946,35827.0,1,2020-06-18 16:49:08.332214354+00:00,2020-06-18 16:49:08.332214354+00:00,1,False
GMI,2020:947,35826.0,1,2020-06-18 15:14:11.196670531+00:00,2020-06-18 15:14:11.196670531+00:00,1,False
GMI,2020:950,35827.0,2,2020-06-18 16:48:19.649047852+00:00,2020-06-18 16:48:36.890716554+00:00,2,True
GMI,2020:988,35842.0,1,2020-06-19 15:58:40.191192627+00:00,2020-06-19 15:58:40.191192627+00:00,0,False
