metric,sensor,value,unit,interpretation
emma_mcs_tracks_intersecting_pilot_domain,ALL,343.0,count,PF-feature co-occurrence lower bound; absence is not proof of no sensor overpass
emma_tracks_with_official_robust_phase_in_domain,ALL,343.0,count,PF-feature co-occurrence lower bound; absence is not proof of no sensor overpass
emma_hourly_objects,ALL,2652.0,count,PF-feature co-occurrence lower bound; absence is not proof of no sensor overpass
emma_hourly_objects_official_robust,ALL,2633.0,count,PF-feature co-occurrence lower bound; absence is not proof of no sensor overpass
emma_hourly_objects_nonrobust_development_or_decay,ALL,19.0,count,PF-feature co-occurrence lower bound; absence is not proof of no sensor overpass
pf_features_in_pilot,GMI,92004.0,count,PF-feature co-occurrence lower bound; absence is not proof of no sensor overpass
emma_tracks_with_pf_cooccurrence,GMI,116.0,count,PF-feature co-occurrence lower bound; absence is not proof of no sensor overpass
emma_track_pf_cooccurrence_fraction,GMI,0.33819241982507287,fraction,PF-feature co-occurrence lower bound; absence is not proof of no sensor overpass
pf_features_outside_emma,GMI,76068.0,count,PF-feature co-occurrence lower bound; absence is not proof of no sensor overpass
pf_features_outside_emma_coverage,GMI,15775.0,count,PF-feature co-occurrence lower bound; absence is not proof of no sensor overpass
pf_features_robust_mcs,GMI,160.0,count,PF-feature co-occurrence lower bound; absence is not proof of no sensor overpass
pf_features_mcs_nonrobust_phase,GMI,1.0,count,PF-feature co-occurrence lower bound; absence is not proof of no sensor overpass
pf_features_in_pilot,DPR,34680.0,count,PF-feature co-occurrence lower bound; absence is not proof of no sensor overpass
emma_tracks_with_pf_cooccurrence,DPR,68.0,count,PF-feature co-occurrence lower bound; absence is not proof of no sensor overpass
emma_track_pf_cooccurrence_fraction,DPR,0.19825072886297376,fraction,PF-feature co-occurrence lower bound; absence is not proof of no sensor overpass
pf_features_outside_emma,DPR,29727.0,count,PF-feature co-occurrence lower bound; absence is not proof of no sensor overpass
pf_features_outside_emma_coverage,DPR,4798.0,count,PF-feature co-occurrence lower bound; absence is not proof of no sensor overpass
pf_features_robust_mcs,DPR,155.0,count,PF-feature co-occurrence lower bound; absence is not proof of no sensor overpass
time_offset_min_minutes,ALL,-29.996109008766666,minutes,PF-feature co-occurrence lower bound; absence is not proof of no sensor overpass
time_offset_p05_minutes,ALL,-27.299995422366667,minutes,PF-feature co-occurrence lower bound; absence is not proof of no sensor overpass
time_offset_median_minutes,ALL,2.1694707870583336,minutes,PF-feature co-occurrence lower bound; absence is not proof of no sensor overpass
time_offset_mean_minutes,ALL,0.927956668076632,minutes,PF-feature co-occurrence lower bound; absence is not proof of no sensor overpass
time_offset_p95_minutes,ALL,27.016664028134166,minutes,PF-feature co-occurrence lower bound; absence is not proof of no sensor overpass
time_offset_max_minutes,ALL,30.0,minutes,PF-feature co-occurrence lower bound; absence is not proof of no sensor overpass
duplicate_system_orbit_groups,DPR,39.0,count,PF-feature co-occurrence lower bound; absence is not proof of no sensor overpass
extra_pf_features_within_system_orbit,DPR,81.0,count,PF-feature co-occurrence lower bound; absence is not proof of no sensor overpass
max_pf_features_for_one_system_orbit,DPR,8.0,count,PF-feature co-occurrence lower bound; absence is not proof of no sensor overpass
duplicate_system_orbit_groups,GMI,25.0,count,PF-feature co-occurrence lower bound; absence is not proof of no sensor overpass
extra_pf_features_within_system_orbit,GMI,29.0,count,PF-feature co-occurrence lower bound; absence is not proof of no sensor overpass
max_pf_features_for_one_system_orbit,GMI,3.0,count,PF-feature co-occurrence lower bound; absence is not proof of no sensor overpass
