case_id,pf_case_kind,orbit,emma_time,target_track_uid,pf_time_offset_minutes,plotted_dpr_pixel_centres,dpr_centres_inside_target_mcs,dpr_centres_inside_target_robust,dpr_centres_inside_feature_ellipse,feature_ellipse_centres_inside_any_emma,raw_pixel_center_hit,case_validation_passed,min_raw_pixel_offset_minutes,max_raw_pixel_offset_minutes,lon_min,lon_max,lat_min,lat_max,footprint_approximation
hit_01,hit,36678,2020-08-12 10:00:00+00:00,2020:1991,7.166690826416667,8142,2138,2138,3034,1955,True,True,6.483333333333333,8.783333333333333,-5.6499998569488525,2.849999964237213,44.14999771118164,50.75,actual DPR geolocation represented by pixel centre
hit_02,hit,35612,2020-06-04 21:00:00+00:00,2020:480,1.61670684815,10353,2489,2489,4490,2012,True,True,1.5833333333333333,4.4,7.25,16.449999809265137,40.849998474121094,49.45000076293945,actual DPR geolocation represented by pixel centre
hit_03,hit,37271,2020-09-19 13:00:00+00:00,2020:2736,-19.5833015442,7833,2071,2071,2895,1701,True,True,-20.233333333333334,-18.033333333333335,18.549999237060547,27.25,32.849998474121094,39.04999923706055,actual DPR geolocation represented by pixel centre
hit_04,hit,36185,2020-07-11 17:00:00+00:00,2020:1489,23.16661834715,7126,963,963,1161,829,True,True,22.283333333333335,24.516666666666666,21.549999237060547,31.549999237060547,47.25,54.64999771118164,actual DPR geolocation represented by pixel centre
hit_05,hit,35356,2020-05-19 10:00:00+00:00,2020:272,21.6666984558,5914,892,892,1297,768,True,True,21.233333333333334,22.933333333333334,6.84999942779541,13.449999809265137,41.849998474121094,46.45000076293945,actual DPR geolocation represented by pixel centre
miss_01,miss,35356,2020-05-19 10:00:00+00:00,2020:272,22.033367157,2201,0,0,13,0,False,True,21.6,22.5,9.496667,12.296667000000001,43.244485000000005,46.044485,actual DPR geolocation represented by pixel centre
miss_02,miss,35602,2020-06-04 06:00:00+00:00,2020:480,-3.1999969482666666,4435,0,0,903,0,False,True,-3.683333333333333,-2.3,3.674825535762304,8.546442464237696,44.000341202615445,48.00843279738456,actual DPR geolocation represented by pixel centre
miss_03,miss,36185,2020-07-11 17:00:00+00:00,2020:1489,22.949981689433333,2869,0,0,224,0,False,True,22.516666666666666,23.55,21.86175868380713,25.748955316192873,49.79635208587914,52.98195991412086,actual DPR geolocation represented by pixel centre
miss_04,miss,36949,2020-08-29 20:00:00+00:00,2020:2350,-6.46671295165,2314,0,0,21,0,False,True,-6.85,-5.983333333333333,14.357471,17.157471,46.598863,49.398863,actual DPR geolocation represented by pixel centre
miss_05,miss,37271,2020-09-19 13:00:00+00:00,2020:2736,-18.999996185283333,1859,0,0,29,0,False,True,-19.416666666666668,-18.516666666666666,20.228359,23.028359,35.600107,38.400107,actual DPR geolocation represented by pixel centre
