sensor,offset_left_minutes,offset_right_minutes,feature_count
DPR,-30,-28,1392
DPR,-28,-26,1247
DPR,-26,-24,1373
DPR,-24,-22,1093
DPR,-22,-20,1080
DPR,-20,-18,1012
DPR,-18,-16,926
DPR,-16,-14,925
DPR,-14,-12,815
DPR,-12,-10,1078
DPR,-10,-8,954
DPR,-8,-6,1294
DPR,-6,-4,1040
DPR,-4,-2,1010
DPR,-2,0,952
DPR,0,2,1118
DPR,2,4,1252
DPR,4,6,1325
DPR,6,8,1057
DPR,8,10,1345
DPR,10,12,1157
DPR,12,14,1110
DPR,14,16,1318
DPR,16,18,1442
DPR,18,20,1168
DPR,20,22,1100
DPR,22,24,1389
DPR,24,26,1447
DPR,26,28,1210
DPR,28,30,1051
GMI,-30,-28,3388
GMI,-28,-26,3207
GMI,-26,-24,2838
GMI,-24,-22,3070
GMI,-22,-20,2863
GMI,-20,-18,3268
GMI,-18,-16,2694
GMI,-16,-14,2457
GMI,-14,-12,2319
GMI,-12,-10,2615
GMI,-10,-8,3145
GMI,-8,-6,2977
GMI,-6,-4,2788
GMI,-4,-2,2355
GMI,-2,0,2665
GMI,0,2,3003
GMI,2,4,3077
GMI,4,6,3197
GMI,6,8,3067
GMI,8,10,3265
GMI,10,12,3126
GMI,12,14,3339
GMI,14,16,3521
GMI,16,18,3281
GMI,18,20,3545
GMI,20,22,3160
GMI,22,24,3649
GMI,24,26,3603
GMI,26,28,3392
GMI,28,30,3130
